LeftCorrectedBend,LeftRawBend,LeftRotationDelta,RightCorrectedBend,RightRawBend,RightRotationDelta,clip,flag,frame,time
93.5029763562334,32.56752816623327,68.80230768137933,75.37830248600721,33.569812169985646,45.664028524108495,reload,Left wrist; Right wrist,0,0
88.41097764652321,27.22698208130796,68.9667635688832,73.02026561088338,31.58581990585051,45.5003272856568,reload,Left wrist; Right wrist,1,0.03333333333333333
84.85760815815453,23.26884637941763,69.07720113509124,70.56015305449003,29.23052064135245,45.467254108144026,reload,Left wrist; Right wrist,2,0.06666666666666667
83.76420574031701,21.427271364775205,68.9703303776499,68.52318100180234,26.861152896846153,45.72214043105483,reload,Left wrist; Right wrist,3,0.1
84.69408039072127,21.59599395325534,68.47249484789866,66.33722989330003,24.479559149162434,46.12223967137526,reload,Left wrist; Right wrist,4,0.13333333333333333
86.13353345088179,22.4769400994415,68.12331209340813,63.811751305489636,21.404908250814305,46.8312613872723,reload,Left wrist; Right wrist,5,0.16666666666666666
88.61621529742841,23.709218398279646,68.8937949131329,61.91702396714068,18.39358817273353,47.971682635260116,reload,Left wrist; Right wrist,6,0.2
91.0789335570657,25.33340142326256,70.85639689386642,60.653329453934084,15.487005086295861,49.8322497339536,reload,Left wrist; Right wrist,7,0.23333333333333334
88.57368186525972,26.772085339990557,73.54799720269676,59.92516916944509,13.064054280256927,51.684714574682054,reload,Left wrist,8,0.26666666666666666
78.27452033522349,30.76509744407121,76.14238359089852,58.83622287397441,11.197986192240382,51.64136307595039,reload,Left wrist,9,0.3
66.94912965555955,37.191073359317414,77.11768968139766,57.014882443651516,9.811846473021173,49.30060250122867,reload,Left wrist,10,0.3333333333333333
62.38949796728101,39.46358242248546,76.58477637471393,55.65057697316499,8.844035755431172,47.73596335018885,reload,Left wrist,11,0.36666666666666664
60.78556043055786,30.984683313481106,77.5694760942189,54.328981528032806,8.184014840845569,47.1338184727473,reload,Left wrist,12,0.4
63.017920145362396,21.650917326809108,78.8082198932805,53.265824966017526,8.572378333937996,46.78795741700369,reload,Left wrist,13,0.43333333333333335
69.62635421932586,11.479752319166543,79.87531019622219,53.54196076097827,10.155882770514461,46.93433355263234,reload,Left wrist,14,0.4666666666666667
77.89564340470488,0.6954298234077151,80.20594035835067,55.39276703721494,11.729356392295772,47.908167444340705,reload,Left wrist,15,0.5
83.62488276920551,12.766861713582013,79.75186118197819,57.59730367380593,12.51849692662677,49.348328576425466,reload,Left wrist,16,0.5333333333333333
85.98390971015614,24.457339818415413,79.11914561053412,58.910874106029944,12.734848680902978,50.38875845114958,reload,Left wrist,17,0.5666666666666667
85.87371012200478,34.218053267937314,79.06487562612591,59.36581885773972,12.88076590573772,50.76382080609312,reload,Left wrist,18,0.6
84.88615422806384,40.88930086631262,79.56499770604086,59.17579507556147,13.054717138911812,50.638567276404274,reload,Left wrist,19,0.6333333333333333
84.11802200474462,44.11782145373251,80.51681779193277,58.27201959515445,13.123007932578739,50.09742338290896,reload,Left wrist,20,0.6666666666666666
83.59220208702892,44.048802178664445,81.43899253099553,57.16816151891452,12.682517180905327,49.61303516475877,reload,Left wrist,21,0.7
81.26440760179165,41.979146049443884,78.565875301876,56.17773004575295,11.625764164871837,49.37868843196653,reload,Left wrist,22,0.7333333333333333
72.7854794739077,39.32834635137669,62.82016708807711,55.32245651127528,10.31501842131209,49.26863313271827,reload,Left wrist,23,0.7666666666666667
57.7993872052337,37.08230870291285,32.14592675100608,54.40373208665144,9.286678759540802,49.04114054455781,reload,,24,0.8
43.729475286476685,33.79206439582793,11.849062217090275,53.223845883594414,8.528691943191443,48.71311679808569,reload,,25,0.8333333333333334
18.231576487051687,28.234938834557518,10.311742121540986,51.48503718905008,7.4276478290009225,48.46947744200609,reload,,26,0.8666666666666667
14.830152734454117,24.434487198286952,32.87472140787707,49.492541241680115,5.712733469635527,48.38145472805435,reload,,27,0.9
40.11285756555122,25.171835305009086,50.069563449992266,47.713391394565306,4.347978419023119,48.20240742059748,reload,,28,0.9333333333333333
55.6163484836507,27.803306963332357,61.40801938063463,46.41167606345346,4.436074403994074,47.68684761401856,reload,,29,0.9666666666666667
62.4253744477968,29.07233128715731,70.88047105104114,46.02717429893706,5.0918107835411295,47.28180219699199,reload,Left wrist,30,1
61.33072680926211,30.66246786048987,81.71538578780807,46.2218416559879,5.908557663197286,47.0757038157032,reload,Left wrist,31,1.0333333333333334
54.20708489980567,30.14633437918042,95.45944165201747,47.19263973602856,6.367795705046789,47.31721059523307,reload,,32,1.0666666666666667
56.087133451117936,32.939239996725846,109.71298117715466,48.73946235352411,6.485141652550644,47.98642824298099,reload,,33,1.1
63.6358257979969,34.27734834625846,122.69111702039982,49.84565826568111,6.922156542146842,48.45405325355488,reload,Left wrist; Left wrist cuff pinch (visual),34,1.1333333333333333
67.86680398506869,34.01726731219161,134.3324053274757,50.38898398931078,6.926716324386849,48.86933523763163,reload,Left wrist; Left wrist cuff pinch (visual),35,1.1666666666666667
68.09350651162138,32.54321933386304,141.89332767945945,50.08864192502534,6.789560041990224,49.01263201045769,reload,Left wrist; Left wrist cuff pinch (visual),36,1.2
67.70774136939316,33.86653890071462,145.2187845030176,49.53130152361577,6.405069655514485,49.25106550967486,reload,Left wrist; Left wrist cuff pinch (visual),37,1.2333333333333334
68.5762546657357,37.45945169247726,146.41380502525197,48.47038390726114,6.46105187255971,49.18963100560643,reload,Left wrist; Left wrist cuff pinch (visual),38,1.2666666666666666
71.7923918359813,40.99682436161986,148.56573681488015,47.04727777022702,6.603064036402793,48.97395321128987,reload,Left wrist; Left wrist cuff pinch (visual),39,1.3
76.59316144602491,41.275406814033204,148.83709995408668,45.13046715491786,6.935042438003286,48.50216016841903,reload,Left wrist; Left wrist cuff pinch (visual),40,1.3333333333333333
82.91346456865466,47.022734986969304,142.83459212724108,42.99879704468584,7.210257252023214,47.24883610180509,reload,Left wrist; Left wrist cuff pinch (visual),41,1.3666666666666667
84.77135557873903,42.81148623423618,87.8862384063206,41.61063886548673,6.728450222857861,46.19195091406707,reload,Left wrist; Left wrist cuff pinch (visual),42,1.4
90.94299294811421,29.43391657463806,81.49879838701669,41.34221854468556,5.569406770407264,45.14957189524844,reload,Left wrist; Left wrist cuff pinch (visual),43,1.4333333333333333
101.12272014879974,25.074058497811798,81.03629654557362,40.85258944303227,5.3726482968873945,43.997847270894184,reload,Left wrist; Left wrist cuff pinch (visual),44,1.4666666666666666
107.0489052689023,33.635167832417196,74.5875076540446,40.62601892847251,5.490891140312662,43.4025984839435,reload,Left wrist; Left wrist cuff pinch (visual),45,1.5
99.98683566690046,32.18520416193279,68.54404392463388,40.36831266254709,5.837103807992874,43.21791859485123,reload,Left wrist; Left wrist cuff pinch (visual),46,1.5333333333333334
81.33423633510873,19.846215999525228,63.35120058883851,39.64546327483251,7.051578542085106,43.19921960468051,reload,Left wrist; Left wrist cuff pinch (visual),47,1.5666666666666667
63.90355347846751,11.184642382422938,59.69380762261844,37.0714158733112,10.782322820030961,43.091487340022496,reload,Left wrist; Left wrist cuff pinch (visual),48,1.6
57.81465621605339,12.933450891283657,58.66177175915188,34.31728510717819,15.084145693393257,42.88401559832244,reload,Left wrist cuff pinch (visual),49,1.6333333333333333
59.8499521682601,9.035616969579543,57.429102996095175,33.7786698721063,16.996490150810917,42.749443254967055,reload,Left wrist cuff pinch (visual),50,1.6666666666666667
61.76119874122986,11.407819922511974,56.338694252455724,36.34582617800308,15.89683242486674,42.87422989151037,reload,Left wrist; Left wrist cuff pinch (visual),51,1.7
62.35536771413851,14.387785836489074,55.87265378999631,40.875041154245956,13.933327754386026,43.21043655738728,reload,Left wrist; Left wrist cuff pinch (visual),52,1.7333333333333334
60.47491908674738,15.638139127060171,56.28774367869156,45.89929555197419,13.079787559482602,43.80937185602992,reload,Left wrist; Left wrist cuff pinch (visual),53,1.7666666666666666
56.63889015723375,15.784264672151707,55.43515549916621,49.589844813770185,12.927018339311818,45.043853064158235,reload,Left wrist cuff pinch (visual),54,1.8
50.74091683061975,17.253291068612942,53.609796597795004,53.319126924420004,12.77520798383002,46.82285660863428,reload,Left wrist cuff pinch (visual),55,1.8333333333333333
41.857763587787375,16.578602555558863,49.6083960162966,56.06571151425946,12.39646282953961,48.91120281798759,reload,,56,1.8666666666666667
33.7453681836676,14.598583582962045,46.51537495438333,57.596718969940156,12.153895475995043,50.32899479232664,reload,,57,1.9
28.960477037193428,13.838366015509347,44.97515725107284,59.549308202302115,12.033925795423201,51.370161833021875,reload,,58,1.9333333333333333
29.481871419725184,15.591516261736867,46.116106584836366,63.582123899786936,12.62731004958507,52.64009314519451,reload,Right wrist,59,1.9666666666666666
32.718450768431325,19.820690480554166,49.14274162139656,69.92182737420752,15.798102459381756,54.40362965955782,reload,Right wrist,60,2
36.27415061154057,25.682748399701367,51.81112045322849,75.82474415347764,19.884482107142336,55.956666399284934,reload,Right wrist,61,2.033333333333333
38.94100496643523,29.611913901989613,53.28602278403424,79.2718216053709,22.523894820061276,56.74971938201158,reload,Right wrist,62,2.066666666666667
37.365199378400945,29.144352422876967,54.71287209881154,80.08425928066626,23.10055877852914,56.9918934441995,reload,Right wrist,63,2.1
33.55063643488539,26.836885541519063,54.72288135755656,78.92391990380767,22.646833641454357,56.36853725867797,reload,Right wrist,64,2.1333333333333333
31.780511906866778,24.68065650132036,53.1048159530114,76.75581081055027,21.784721597233823,55.21836948695832,reload,Right wrist,65,2.1666666666666665
32.955229255775336,21.432508351983135,51.61128356916191,74.64263177637234,21.374424293356352,53.735231346132856,reload,Right wrist,66,2.2
35.79222572342993,20.099144148911876,51.89611293937552,73.29784507679065,21.93076580353089,52.03958626257864,reload,Right wrist,67,2.2333333333333334
41.2202937335833,17.90191076339513,54.27822825902985,72.4393500160461,22.961004014851966,50.3412473983182,reload,Right wrist,68,2.2666666666666666
47.36422681956961,14.661738381423522,58.23372339038363,71.73209033457377,23.765036682420746,49.01997996911611,reload,Right wrist,69,2.3
54.098855002345715,12.094151748587734,64.03620538287085,70.69131119801885,23.8993101633642,48.04921915342745,reload,Right wrist,70,2.3333333333333335
56.46799517565119,12.204610315077128,67.85545888866287,68.81075183709906,23.670364602691897,46.83812110085109,reload,Right wrist,71,2.3666666666666667
55.79295689346003,13.69696392122269,69.86836679948985,66.55283310624569,23.498928899465465,45.38214846111699,reload,Right wrist,72,2.4
58.831842112373955,11.720419816660916,70.77160626747443,66.83100315775253,23.50735826578984,45.3212313848019,reload,Right wrist,73,2.433333333333333
66.62624869876883,9.981526388746454,70.98071344784984,67.65460873862229,24.127542507669904,45.23202395980738,reload,Left wrist; Right wrist,74,2.466666666666667
74.42274249161716,14.809346157198162,70.91851963286516,69.09575899619507,25.676301951719704,45.03783249447827,reload,Left wrist; Right wrist,75,2.5
81.23548055969549,21.177071556391656,70.5430574770347,71.53922241893947,27.980015893821182,45.0406902982672,reload,Left wrist; Right wrist,76,2.533333333333333
86.2898522528056,26.513915848572903,69.57764386586801,74.33829257667605,30.614625308170144,44.993291155775175,reload,Left wrist; Right wrist,77,2.566666666666667
89.83962204068466,29.99930071167055,68.65285148847714,76.71784607617262,33.02808297299467,44.843495136783865,reload,Left wrist; Right wrist,78,2.6
92.4924632232056,32.09244254900163,68.17093201802462,78.47734920187294,34.911868003619595,44.709329430231335,reload,Left wrist; Right wrist,79,2.6333333333333333
94.48214123480336,33.75017967759273,68.12102353959651,79.86741340582655,36.214430665549095,44.85463019426843,reload,Left wrist; Right wrist,80,2.6666666666666665
94.9456298812287,34.5356828114613,68.19833234654305,80.26779641852295,36.544863158379464,45.13606925072511,reload,Left wrist; Right wrist,81,2.7
94.66365676038085,34.60430020415917,68.16986153924854,80.46541496868453,36.74908600710928,45.36506052461167,reload,Left wrist; Right wrist,82,2.7333333333333334
94.30606667288058,34.15278878223125,68.07769364250441,80.67454534212968,37.0376820010191,45.49921245632872,reload,Left wrist; Right wrist,83,2.7666666666666666
94.00858822280063,33.4837925166076,68.04225155164015,80.77755874001507,37.2877508686383,45.55206976378326,reload,Left wrist; Right wrist,84,2.8
93.65145197122081,32.75139936780491,68.05082084141455,80.56494850903529,37.3000532343284,45.5814233265985,reload,Left wrist; Right wrist,85,2.8333333333333335
93.21246412591917,32.29274009566225,68.0902798737554,80.11687131876475,37.13473243538992,45.606676705661535,reload,Left wrist; Right wrist,86,2.8666666666666667
92.87393000110566,31.846452600947725,68.1425559160633,79.58043188533266,36.91717574180742,45.60298154150616,reload,Left wrist; Right wrist,87,2.9
92.56671856873155,31.4849953696327,68.18783883351136,78.92910373116831,36.59039555415882,45.56417194252334,reload,Left wrist; Right wrist,88,2.933333333333333
92.25445764896492,31.169233938511724,68.23905175275571,78.19858339848652,36.181017466265935,45.56599598145777,reload,Left wrist; Right wrist,89,2.966666666666667
92.21006896161386,30.91016294600419,68.45268703579458,77.60054919378281,35.74117750367573,45.554403973387394,reload,Left wrist; Right wrist,90,3
92.15796552885722,30.74562343544834,68.50387531514048,77.07428021510412,35.3262142391215,45.54758696242977,reload,Left wrist; Right wrist,91,3.033333333333333
92.2138136446996,30.714297187871068,68.58219924054126,76.74660532226017,34.957851124432025,45.626258745573395,reload,Left wrist; Right wrist,92,3.066666666666667
92.38739260038818,30.8292197460423,68.64975495339324,76.5155138737678,34.62036166105231,45.76518465720138,reload,Left wrist; Right wrist,93,3.1
92.6419152036506,31.080054503819504,68.73584297942817,76.32705289430132,34.330153263502915,45.88158925889338,reload,Left wrist; Right wrist,94,3.1333333333333333
92.79174394645297,31.357638249392352,68.7274305935593,76.04425942641193,34.04365611832197,45.89458471728093,reload,Left wrist; Right wrist,95,3.1666666666666665
93.04300305331988,31.646168416158925,68.82003738361509,75.79074519395446,33.802060504510074,45.91088645194512,reload,Left wrist; Right wrist,96,3.2
93.22322571950635,31.921752449252036,68.84966526752179,75.57711281058275,33.636688773411926,45.83465093987413,reload,Left wrist; Right wrist,97,3.2333333333333334
93.3633272927732,32.194752351542725,68.84068318523127,75.44319149822466,33.56545764747735,45.74874292391278,reload,Left wrist; Right wrist,98,3.2666666666666666
93.50303359496877,32.56750185622975,68.80241119867875,75.3783119313937,33.56979089026413,45.66403269066324,reload,Left wrist; Right wrist,99,3.3
87.7153472369475,9.86171782899952,94.85856736890666,71.64683191685748,25.542309748548522,97.11088963770251,ads,Left wrist; Right wrist,0,0
83.58141028774571,9.89363668229572,91.76226116339777,67.1474323915607,25.531599210674184,92.6776277979545,ads,Left wrist; Right wrist,1,0.016666666666666666
74.50889999520011,9.925541209350406,83.20323215217921,59.73361082535,25.521126779391665,85.25127513469792,ads,Left wrist,2,0.03333333333333333
66.21873925689859,9.957480961993362,74.79131537966302,58.20836358144663,25.511304591130227,83.38525953458633,ads,Left wrist,3,0.05
61.93816494487933,9.989403025925293,69.86609404983983,64.68245375770222,25.5016642415051,89.23986994390273,ads,Left wrist; Right wrist,4,0.06666666666666667
61.54474968175313,10.021346278793706,68.44247970886279,73.5204542958556,25.49309464168945,97.81199731915548,ads,Left wrist; Right wrist,5,0.08333333333333333
63.829873915998924,10.053280123879595,69.5070281839844,81.99169966968148,25.484746265065805,106.3199292936088,ads,Left wrist; Right wrist,6,0.1
67.61651844139816,10.085211268832158,72.04671549555594,89.7076467551622,25.477277146787646,114.19591386639586,ads,Left wrist; Right wrist,7,0.11666666666666667
72.09890740350995,10.117144019533312,75.33371488491558,96.87682500823298,25.470000463245498,121.55706898012038,ads,Left wrist; Right wrist,8,0.13333333333333333
74.79304192402859,10.140136391920327,77.36986124395398,100.83332468674642,25.46391194840057,125.6259033677859,ads,Left wrist; Right wrist,9,0.15
74.79771861559297,10.163122005647939,77.37698206263477,100.82724504620718,25.45800250015866,125.62710713688942,ads,Left wrist; Right wrist,10,0.16666666666666666
74.80168795521551,10.186111602782631,77.38352257558603,100.82112637087698,25.435340401315127,125.60957572133249,ads,Left wrist; Right wrist,11,0.18333333333333332
74.80563394467468,10.209109222652241,77.39002495835507,100.81499304737508,25.412862839351636,125.5920715760267,ads,Left wrist; Right wrist,12,0.2
74.80942666532425,10.232094802884705,77.39638188294695,100.8090691679104,25.37968692388061,125.56245904333089,ads,Left wrist; Right wrist,13,0.21666666666666667
74.81325602686522,10.255090386732737,77.40272775724723,100.80318790350508,25.346582131457456,125.53290079598334,ads,Left wrist; Right wrist,14,0.23333333333333334
74.81859490742603,10.25895237764194,77.39327591780078,100.79616783303888,25.312883331628786,125.50054801528135,ads,Left wrist; Right wrist,15,0.25
74.82394968682196,10.262859162064084,77.38384460808939,100.78915963843448,25.27928667799278,125.46821554390498,ads,Left wrist; Right wrist,16,0.26666666666666666
74.82928379580642,10.266751134282353,77.37439430247996,100.78215373053823,25.243666230602035,125.43294253815984,ads,Left wrist; Right wrist,17,0.2833333333333333
74.83463737329897,10.270665199175745,77.36492567773672,100.77513942859025,25.208154885400283,125.39763866174685,ads,Left wrist; Right wrist,18,0.3
74.83724843931252,10.274621462838498,77.35344813248693,100.77255960796363,25.173141968187128,125.36614678796803,ads,Left wrist; Right wrist,19,0.31666666666666665
74.83983344342296,10.27858275744584,77.34191501920266,100.76992209166649,25.1381249858109,125.33458884550893,ads,Left wrist; Right wrist,20,0.3333333333333333
74.85375060281986,10.28255240448352,77.33957705686046,100.75523328616372,25.10315074197205,125.29051719794235,ads,Left wrist; Right wrist,21,0.35
74.86762658964939,10.286577995469079,77.33717865953292,100.74049648097369,25.068234168461125,125.24643885332168,ads,Left wrist; Right wrist,22,0.36666666666666664
74.87580341372133,10.290597966195941,77.33038116481289,100.73330927515097,25.0351645652803,125.21131605886649,ads,Left wrist; Right wrist,23,0.38333333333333336
74.88401692978249,10.29462432778957,77.32359612269448,100.72615498080488,25.002022935456342,125.1762197323201,ads,Left wrist; Right wrist,24,0.4
74.89221255333841,10.280663782708306,77.29902265015403,100.71895246934058,24.968938714208434,125.14111199182139,ads,Left wrist; Right wrist,25,0.4166666666666667
74.90038432232707,10.266777500886754,77.27438985460871,100.71177522363784,24.93593120662788,125.10598411509598,ads,Left wrist; Right wrist,26,0.43333333333333335
74.90861086407159,10.252961027318097,77.2498094249273,100.70459637563002,24.907062885415545,125.07304274146281,ads,Left wrist; Right wrist,27,0.45
74.91679178658613,10.23923524439768,77.22523150831847,100.69746735136097,24.878179992337802,125.04009967750402,ads,Left wrist; Right wrist,28,0.4666666666666667
74.91788792767275,10.218230083179877,77.1878253933961,100.69750723101872,24.849295112443407,125.01475606035547,ads,Left wrist; Right wrist,29,0.48333333333333334
74.91897058622466,10.197305224952276,77.15044017078174,100.69756884549943,24.820433894422358,124.98943956554861,ads,Left wrist; Right wrist,30,0.5
74.92393351299202,10.176519775289307,77.11628883779122,100.69393418144689,24.794164436571016,124.9610174443151,ads,Left wrist; Right wrist,31,0.5166666666666667
74.92887454814202,10.155845481772587,77.08207786942388,100.6903176802505,24.76787965508264,124.93258143888598,ads,Left wrist; Right wrist,32,0.5333333333333333
74.93297849788199,10.128893332358354,77.04051786925302,100.68762693626213,24.741589628696136,124.90513910588092,ads,Left wrist; Right wrist,33,0.55
74.9370663040111,10.102118489133687,76.99897496884196,100.6849941846959,24.715263012579324,124.87774758850327,ads,Left wrist; Right wrist,34,0.5666666666666667
74.94020452241524,10.075513135457541,76.95681149044063,100.68477242637297,24.691022345054662,124.85360651436444,ads,Left wrist; Right wrist,35,0.5833333333333334
74.9433409662079,10.049027526867711,76.91467131601617,100.68459469779786,24.66674294825242,124.8295258498645,ads,Left wrist; Right wrist,36,0.6
74.94548329881236,10.022702422023201,76.8716001503345,100.68438935985169,24.643271059532008,124.80520188151658,ads,Left wrist; Right wrist,37,0.6166666666666667
74.94764463455977,9.996544337032114,76.82851117291267,100.68423284100736,24.619869248608495,124.78095346216062,ads,Left wrist; Right wrist,38,0.6333333333333333
74.95058554117209,9.9625534819503,76.77518850649352,100.68582861504399,24.5976192086807,124.75853523948652,ads,Left wrist; Right wrist,39,0.65
74.95352217069978,9.928839280338174,76.72183087978048,100.68745151986252,24.575364516775903,124.73618411988694,ads,Left wrist; Right wrist,40,0.6666666666666666
74.95605879546635,9.88817835955973,76.6589829648729,100.6896710268401,24.55129315118146,124.71210618658888,ads,Left wrist; Right wrist,41,0.6833333333333333
74.95853629623832,9.84791189137157,76.59604670541329,100.69197952037466,24.527251089461963,124.68813594929449,ads,Left wrist; Right wrist,42,0.7
74.95610654596844,9.803270849324104,76.5205928403641,100.69991755307159,24.50242171498896,124.66757490333926,ads,Left wrist; Right wrist,43,0.7166666666666667
74.95365300106586,9.759042999209642,76.44509914230586,100.70794755256395,24.477556387995257,124.64713967520157,ads,Left wrist; Right wrist,44,0.7333333333333333
74.95306386391604,9.714045090741335,76.3694165998107,100.71460811359114,24.46120576307836,124.63132691986836,ads,Left wrist; Right wrist,45,0.75
74.95242519734157,9.669545538947967,76.29372040344046,100.72142087018509,24.444839852111325,124.6156629979059,ads,Left wrist; Right wrist,46,0.7666666666666667
74.95035545872223,9.625503221277766,76.21696690760038,100.73069429825702,24.428567276076365,124.60262065790688,ads,Left wrist; Right wrist,47,0.7833333333333333
74.94819047589428,9.581974241750615,76.14011191074201,100.74005087115792,24.412352224282866,124.58961726740378,ads,Left wrist; Right wrist,48,0.8
74.94185453010768,9.538971018949011,76.05902576854314,100.75413947135854,24.40550254720731,124.58853833783674,ads,Left wrist; Right wrist,49,0.8166666666666667
74.93545007004536,9.496529270247384,75.97784426386885,100.76833303509265,24.398726584623823,124.58762514282867,ads,Left wrist; Right wrist,50,0.8333333333333334
74.92895010228314,9.453475508617826,75.89993343444773,100.78297178408931,24.39200563903758,124.58722330758067,ads,Left wrist; Right wrist,51,0.85
74.9223712648882,9.410955075461766,75.82188459219086,100.79774957881973,24.38538501221685,124.58696132241276,ads,Left wrist; Right wrist,52,0.8666666666666667
74.91589968794477,9.367759387230262,75.7473175008738,100.81320589397465,24.389498949765496,124.59529663499427,ads,Left wrist; Right wrist,53,0.8833333333333333
74.90933323129936,9.325062027808492,75.67262505267752,100.82874153095162,24.393746941819483,124.60377804828916,ads,Left wrist; Right wrist,54,0.9
74.89860102792318,9.281245795600801,75.5994888985456,100.84893056288408,24.401029427453764,124.62001680145626,ads,Left wrist; Right wrist,55,0.9166666666666666
74.8877923654835,9.237837879307586,75.5263164339225,100.86926256307166,24.408474317145288,124.63649857980712,ads,Left wrist; Right wrist,56,0.9333333333333333
74.87691974067631,9.19366553638711,75.45893825029543,100.88972330194653,24.423373504823598,124.65927395493333,ads,Left wrist; Right wrist,57,0.95
74.86593737663473,9.14983817652123,75.39145347040008,100.91033921669043,24.43856669062338,124.68233739717715,ads,Left wrist; Right wrist,58,0.9666666666666667
74.85703098906815,9.105768175159236,75.32945971236943,100.9296638378839,24.46184341907915,124.71012596403581,ads,Left wrist; Right wrist,59,0.9833333333333333
74.84802148888357,9.061988395142492,75.26737719211971,100.9491101629834,24.48546608917818,124.73821671255111,ads,Left wrist; Right wrist,60,1
74.83547667955862,9.01800469265018,75.21071139752159,100.97238432738223,24.510324080624358,124.77116638016005,ads,Left wrist; Right wrist,61,1.0166666666666666
74.82282630189063,8.974246616097636,75.1539511791495,100.99572345464232,24.53549417728355,124.80432353836949,ads,Left wrist; Right wrist,62,1.0333333333333334
74.81033000150975,8.930729594382655,75.09735957136634,101.01926055109897,24.56431728582666,124.84066373209733,ads,Left wrist; Right wrist,63,1.05
74.79775522950666,8.887451207865645,75.04065060555187,101.04299302643858,24.593449788710217,124.87733877864711,ads,Left wrist; Right wrist,64,1.0666666666666667
74.78020598482235,8.843308506915697,74.98943095306367,101.07135324740901,24.6231306628426,124.9194859953156,ads,Left wrist; Right wrist,65,1.0833333333333333
74.76258164001767,8.79932023827046,74.9381119640715,101.09970964523114,24.653044573209357,124.96177304420979,ads,Left wrist; Right wrist,66,1.1
74.75212590945374,8.755556181475908,74.89978247812316,101.12038347468729,24.695857082088025,125.00628454331095,ads,Left wrist; Right wrist,67,1.1166666666666667
74.741633710412,8.711880980502622,74.86146954712251,101.14119247085196,24.738894311332363,125.05098523388881,ads,Left wrist; Right wrist,68,1.1333333333333333
74.72774167211152,8.670126588829715,74.82995155618862,101.165968813867,24.78291683206661,125.10151717154709,ads,Left wrist; Right wrist,69,1.15
74.7138399641123,8.628420279865969,74.79840957521562,101.19080161991305,24.827158004662195,125.15218869345087,ads,Left wrist; Right wrist,70,1.1666666666666667
74.70050012243453,8.58677417838348,74.7672081464873,101.21426639130289,24.873431220458453,125.20298520749427,ads,Left wrist; Right wrist,71,1.1833333333333333
74.68713073331612,8.545171089954097,74.73597614729212,101.23778684035717,24.919964012213544,125.25391587220112,ads,Left wrist; Right wrist,72,1.2
74.67372838921573,8.507021707612656,74.71436126756934,101.26009673954373,24.966532848284412,125.30423785293404,ads,Left wrist; Right wrist,73,1.2166666666666666
74.66034421823197,8.46886759302895,74.6927707638441,101.28251866819888,25.013295644287055,125.35475805614007,ads,Left wrist; Right wrist,74,1.2333333333333334
74.64804470476973,8.430734085489954,74.67239245687534,101.30696054430945,25.060924512055873,125.40735956769538,ads,Left wrist; Right wrist,75,1.25
74.63574958142362,8.392611154801983,74.65204433024735,101.3315035045353,25.108888979528775,125.46013584787785,ads,Left wrist; Right wrist,76,1.2666666666666666
74.63022151088528,8.359857695041923,74.65072850380133,101.34298389703211,25.114362279925956,125.45306133486788,ads,Left wrist; Right wrist,77,1.2833333333333334
74.62467357714033,8.327111121360854,74.64935283361558,101.35448305376384,25.120259263863264,125.4460198316577,ads,Left wrist; Right wrist,78,1.3
74.61738108170884,8.29436380535105,74.64635823335402,101.36647944584941,25.127516578450535,125.44259687366771,ads,Left wrist; Right wrist,79,1.3166666666666667
74.61011151767067,8.2616145741536,74.64343272325983,101.37843935428958,25.13499896184672,125.43920104373805,ads,Left wrist; Right wrist,80,1.3333333333333333
74.60786073801104,8.24380321795099,74.65599382467884,101.38311788196476,25.146470854318622,125.43465022710468,ads,Left wrist; Right wrist,81,1.35
74.60558956567058,8.226003030561284,74.66853377092554,101.38781804600637,25.15807370963527,125.43018324013671,ads,Left wrist; Right wrist,82,1.3666666666666667
74.58249712164346,8.208243415885994,74.6630224841696,101.41002732259065,25.15087039496069,125.43352146512987,ads,Left wrist; Right wrist,83,1.3833333333333333
74.55940860811354,8.190492776733606,74.65753717192979,101.4323838720582,25.143719698908093,125.43703512351942,ads,Left wrist; Right wrist,84,1.4
74.56369190408154,8.172776494385943,74.67536776112192,101.428552210536,25.175720577256744,125.44771480472404,ads,Left wrist; Right wrist,85,1.4166666666666667
74.56800015989623,8.1550747407389,74.69318646402833,101.42473420897693,25.207860398279095,125.4583347558024,ads,Left wrist; Right wrist,86,1.4333333333333333
74.57424747657339,8.152773283982818,74.72968543469463,101.416117171418,25.23996534359226,125.4642251000129,ads,Left wrist; Right wrist,87,1.45
74.58049402811194,8.150591885676254,74.76618327688031,101.40753019497193,25.27214884966221,125.47000030348367,ads,Left wrist; Right wrist,88,1.4666666666666666
74.56747636276106,8.14854372802185,74.78619384966527,101.41713405211419,25.29696075660292,125.49583112745242,ads,Left wrist; Right wrist,89,1.4833333333333334
74.55446714075224,8.146603730457965,74.80622235166678,101.4268169912593,25.321743036260276,125.52171753303152,ads,Left wrist; Right wrist,90,1.5
74.55395666968371,8.144807167576792,74.8364913313532,101.42046162842267,25.346567197666218,125.53100888444806,ads,Left wrist; Right wrist,91,1.5166666666666666
74.5534396023497,8.14312222799322,74.86670892050856,101.4142239807834,25.371349092833448,125.54043274624159,ads,Left wrist; Right wrist,92,1.5333333333333334
74.54333477036843,8.159799995901238,74.91388355857357,101.42136121818004,25.40057235263185,125.57643473015197,ads,Left wrist; Right wrist,93,1.55
74.5332084568801,8.17688888057195,74.9610583709143,101.42863469730182,25.429821738654216,125.6126064577797,ads,Left wrist; Right wrist,94,1.5666666666666667
74.5390689382517,8.202871561839272,75.0285830908703,101.41557568889618,25.459068799015764,125.62734735461005,ads,Left wrist; Right wrist,95,1.5833333333333333
74.5448553609059,8.22937525054596,75.09601008971183,101.40262553459162,25.488324920037616,125.64216896897592,ads,Left wrist; Right wrist,96,1.6
74.54793477217879,8.26329907676609,75.16289107650971,101.3918393982938,25.512212866043438,125.66019456394352,ads,Left wrist; Right wrist,97,1.6166666666666667
74.55092925896102,8.297740836197304,75.22962699164191,101.38116052826746,25.536112205601206,125.67828447047437,ads,Left wrist; Right wrist,98,1.6333333333333333
74.55073302689509,8.337832167874412,75.2952258871077,101.37204971542815,25.550194214177147,125.69161386947063,ads,Left wrist; Right wrist,99,1.65
74.55044862252481,8.378423221223404,75.36069995472509,101.36312191069885,25.56430633259948,125.70514668604173,ads,Left wrist; Right wrist,100,1.6666666666666667
74.55483408025268,8.423075804383343,75.4312290599323,101.348493714416,25.577665286828765,125.71333008439174,ads,Left wrist; Right wrist,101,1.6833333333333333
74.55911022898046,8.468196534697276,75.5016243871163,101.3339442174681,25.591211767772315,125.72162842133275,ads,Left wrist; Right wrist,102,1.7
74.56967521248413,8.523345765927417,75.58174692832881,101.31191397728776,25.607952680228554,125.72614623775735,ads,Left wrist; Right wrist,103,1.7166666666666666
74.58013397059601,8.579027884233962,75.6617304869832,101.28992618793242,25.624850441539248,125.73082292819258,ads,Left wrist; Right wrist,104,1.7333333333333334
74.58160883109073,8.635181443568518,75.73414792371402,101.27683850946327,25.62471457263461,125.73319576101713,ads,Left wrist; Right wrist,105,1.75
74.58299944370495,8.691835207939405,75.80648481752897,101.26393423542612,25.62477597855187,125.73581887699639,ads,Left wrist; Right wrist,106,1.7666666666666666
74.59087473692814,8.748911683314482,75.88421567177016,101.2442780053083,25.62783342579854,125.73477511444459,ads,Left wrist; Right wrist,107,1.7833333333333334
74.59865629910483,8.806492912975038,75.96186422869812,101.22477260793436,25.631059300481798,125.73391914083825,ads,Left wrist; Right wrist,108,1.8
74.60785629665425,8.864513369408781,76.04064525542532,101.20341236439018,25.6303928179378,125.72847683735519,ads,Left wrist; Right wrist,109,1.8166666666666667
74.61699771002633,8.922965742522711,76.11933101868757,101.18222143628977,25.629880000001144,125.72322616824916,ads,Left wrist; Right wrist,110,1.8333333333333333
74.62798386128509,8.98186627254031,76.19960152732854,101.15933131498909,25.626884135539314,125.71317499296917,ads,Left wrist; Right wrist,111,1.85
74.63888408544504,9.041182938024654,76.27974475168065,101.13660835753522,25.624088112357953,125.70339954114878,ads,Left wrist; Right wrist,112,1.8666666666666667
74.65231780649906,9.10096151664491,76.3619842507898,101.11135373170549,25.61265652579848,125.68487730918436,ads,Left wrist; Right wrist,113,1.8833333333333333
74.66568028599825,9.161092409693707,76.44415056861331,101.08625227103124,25.601557349972158,125.66665488032555,ads,Left wrist; Right wrist,114,1.9
74.66755127240381,9.221635261028888,76.51677954655584,101.07313363129688,25.59065747402246,125.66113652433086,ads,Left wrist; Right wrist,115,1.9166666666666667
74.66931365130701,9.282584289678537,76.58929288397299,101.06028675084646,25.579967449406706,125.65595861770942,ads,Left wrist; Right wrist,116,1.9333333333333333
74.68447373315995,9.347566510259384,76.67116518952231,101.03413547198242,25.57789395803704,125.64449110623202,ads,Left wrist; Right wrist,117,1.95
74.69963549599584,9.41291474133928,76.75302312648448,101.00805946846435,25.576061584238428,125.63315849069492,ads,Left wrist; Right wrist,118,1.9666666666666666
74.71373270211033,9.47817879363132,76.83047722673393,100.98469146563947,25.561979446586466,125.61686597413463,ads,Left wrist; Right wrist,119,1.9833333333333334
74.72777488309481,9.543757030303292,76.90785872707048,100.96142564150584,25.548265740776742,125.6007862260067,ads,Left wrist; Right wrist,120,2
74.72231383788403,9.607961847789081,76.96778471477003,100.95854370905337,25.53481471071114,125.60621845910221,ads,Left wrist; Right wrist,121,2.0166666666666666
74.71680219024088,9.672468030768194,77.02762476445945,100.95585269712737,25.521630612103692,125.61194363082208,ads,Left wrist; Right wrist,122,2.033333333333333
74.72358160489188,9.729791950063213,77.09244885364787,100.94269489822982,25.513038474806258,125.61093821472681,ads,Left wrist; Right wrist,123,2.05
74.73033630436984,9.787343983339955,77.15726790939466,100.92956557182667,25.50482430470595,125.61004163864368,ads,Left wrist; Right wrist,124,2.066666666666667
74.75219322269045,9.822616278531292,77.21142136167911,100.90032921608147,25.51456423271964,125.59258072634408,ads,Left wrist; Right wrist,125,2.0833333333333335
74.7758789264196,9.861715398888053,77.25597653233748,100.87249903309755,25.542315246279376,125.59497331824367,ads,Left wrist; Right wrist,126,2.1
88.1537073356786,26.371340823600896,98.62388935364208,71.3493544711694,13.411360578982146,76.48046366330766,running,Left wrist; Right wrist,0,0
86.73709680538155,27.895915927466906,95.8585988922993,72.1528605128835,13.55101151558305,80.97161442106639,running,Left wrist; Right wrist,1,0.016666666666666666
84.64354144279073,29.456992584671323,92.9919398560246,72.91636010648574,15.232839258503457,85.56377272213194,running,Left wrist; Right wrist,2,0.03333333333333333
81.48702550620769,29.173129108678147,88.57355422159891,74.6433786481925,16.86959626736864,89.35598969413464,running,Left wrist; Right wrist,3,0.05
78.47420709503369,28.964767711506003,84.17951903349781,76.42912914947716,18.538318040187256,93.17632225264846,running,Left wrist; Right wrist,4,0.06666666666666667
75.48688364309791,28.60705828967133,81.4040815582472,78.59272475100832,19.456902314779718,95.76742315586115,running,Left wrist; Right wrist,5,0.08333333333333333
72.65331547623778,28.248639893241936,78.62866751949893,80.79690398891904,20.470409227325135,98.42938624006254,running,Left wrist; Right wrist,6,0.1
71.6598446638503,27.85296361838674,79.89487819232426,81.62564875640976,22.705009414347394,100.19391836941591,running,Left wrist; Right wrist,7,0.11666666666666667
70.67501543532731,27.74695459781468,81.21127409959058,82.5123186798187,25.136967695500637,102.14261488767474,running,Left wrist; Right wrist,8,0.13333333333333333
70.7032233075366,26.468066260146266,82.58778318000321,82.99940475065259,27.527862094850978,105.01079678088115,running,Left wrist; Right wrist,9,0.15
70.60126492920662,25.529683220812764,84.0594791393289,83.61230371706071,29.93111129564332,108.0347978579542,running,Left wrist; Right wrist,10,0.16666666666666666
71.68852133227594,22.372954259735994,85.96502013132661,83.41138641080533,33.03096744526287,109.1791134388649,running,Left wrist; Right wrist,11,0.18333333333333332
72.28477845245575,19.861640192781476,87.64228799948984,83.35075144676257,36.25596572923905,110.54700590167533,running,Left wrist; Right wrist,12,0.2
73.11589409821597,17.823825521159236,89.46687533665956,81.96848861262407,39.57529586665771,110.57241953962706,running,Left wrist; Right wrist,13,0.21666666666666667
68.86854016376411,16.724252309484005,85.58733174166913,80.6713770608387,42.966975845160846,110.71315783466217,running,Left wrist; Right wrist,14,0.23333333333333334
39.71555699308079,16.099835560881058,53.91771605063594,78.31043168709768,44.13354033637043,106.5411567032481,running,Right wrist,15,0.25
11.285428752851951,16.42785800887178,27.369170425301387,75.82728300246899,45.53243094241909,101.91478714868386,running,Right wrist,16,0.26666666666666666
13.556181667912943,17.964454736768978,31.230127505837036,73.09387769177013,45.629964954477586,96.73184132855964,running,Right wrist,17,0.2833333333333333
18.87837843616711,20.015970087548904,38.687368315173075,70.39078656574665,45.75807576995359,90.41283116578637,running,Right wrist,18,0.3
23.028294981888166,22.759519242310162,45.77966611816398,68.15243228260847,45.89515809111942,83.22614524273867,running,Right wrist,19,0.31666666666666665
27.15380258312978,25.964012931113416,53.03169585403083,68.16135621120556,46.0208544152347,75.07548159317754,running,Right wrist,20,0.3333333333333333
28.54950737904265,25.519301408888435,53.8301999306873,69.41685807602224,45.30703259898722,72.77512746125218,running,Right wrist,21,0.35
29.90368686084518,25.034471267286172,54.469432236379845,71.84901505586434,44.62688513229699,71.6012321147544,running,Right wrist,22,0.36666666666666664
27.598220392694724,19.25351893287282,46.68133491085185,68.96133270096068,41.537914433521614,70.71348716147867,running,Right wrist,23,0.38333333333333336
25.23597678166165,13.452309721861011,38.668210208759874,67.61421113269188,38.45876182951678,70.1312086420529,running,Right wrist,24,0.4
21.249940991222747,7.747093187897904,28.00209007300046,66.71771986230996,34.05056180901691,70.53492285335425,running,Right wrist,25,0.4166666666666667
17.2141961476826,9.060917426347094,18.433037192191314,66.7989491026438,29.76341389228262,70.4709953756435,running,Right wrist,26,0.43333333333333335
12.345078518701381,13.978644443551927,14.104691725807129,67.68320032426571,25.35497742953232,72.6991686655325,running,Right wrist,27,0.45
7.117963142607532,19.603896061965,21.652534556453777,69.02515372735122,20.921175456633215,74.30425045518217,running,Right wrist,28,0.4666666666666667
23.782866917859987,23.007164319275258,45.51589887273169,70.51326789764101,17.153146780011124,76.08681966087858,running,Right wrist,29,0.48333333333333334
59.123167152733664,26.371340823600896,80.79142322622076,72.16896304546286,13.411360578982146,77.63399913906034,running,Right wrist,30,0.5
70.9644800788055,27.895915927466906,89.36427356533054,73.10861316118023,13.55101151558305,82.2374483390438,running,Left wrist; Right wrist,31,0.5166666666666667
74.61088577125761,29.456992584671323,90.40373430543947,73.9854291625972,15.232839258503457,86.90233704416357,running,Left wrist; Right wrist,32,0.5333333333333333
73.75338035602736,29.173129108678147,86.42912759079536,75.77273382620157,16.86959626736864,90.75888450454785,running,Left wrist; Right wrist,33,0.55
71.97937239385222,28.964767711506003,81.97408235470108,77.60360973715684,18.538318040187256,94.61438301766063,running,Left wrist; Right wrist,34,0.5666666666666667
69.53665089412866,28.60705828967133,78.65733818203537,79.80391928214587,19.456902314779718,97.27438399342428,running,Left wrist; Right wrist,35,0.5833333333333334
67.097996076995,28.248639893241936,75.39106703377267,82.02864349626152,20.470409227325135,99.97440241481243,running,Left wrist; Right wrist,36,0.6
66.04625135401321,27.85296361838674,76.11655160493177,82.95073359933049,22.705009414347394,101.88939243231269,running,Left wrist; Right wrist,37,0.6166666666666667
65.030024139245,27.74695459781468,76.96163909702545,83.91615026323723,25.136967695500637,103.95204792152475,running,Left wrist; Right wrist,38,0.6333333333333333
64.63656491556588,26.468066260146266,77.60041852370291,84.56414284681875,27.527862094850978,106.98541213401477,running,Left wrist; Right wrist,39,0.65
64.20676376376392,25.529683220812764,78.42587124698272,85.32595198234162,29.93111129564332,110.15027724303005,running,Left wrist; Right wrist,40,0.6666666666666666
64.56620674987104,22.372954259735994,79.33409783275681,85.36778086784493,33.03096744526287,111.60861328522398,running,Left wrist; Right wrist,41,0.6833333333333333
64.63013030715436,19.861640192781476,80.1919747509297,85.52386725099427,36.25596572923905,113.24796999804931,running,Left wrist; Right wrist,42,0.7
64.74950922041859,17.823825521159236,81.09559816554527,84.43036728476703,39.57529586665771,113.71714012432324,running,Left wrist; Right wrist,43,0.7166666666666667
62.48831829904664,16.724252309484005,79.14853505663,83.3472708979509,42.966975845160846,114.24945897555102,running,Left wrist; Right wrist,44,0.7333333333333333
52.32388327160808,16.099835560881058,67.66494647114928,81.13910511977708,44.13354033637043,110.56825628271739,running,Right wrist,45,0.75
31.3686103114038,16.42785800887178,45.14081468163506,78.66175152145425,45.53243094241909,106.39273059343667,running,Right wrist,46,0.7666666666666667
17.212418582405878,17.964454736768978,33.86125740285105,75.75115302536999,45.629964954477586,101.54017764688491,running,Right wrist,47,0.7833333333333333
16.02631028620723,20.015970087548904,35.94034619903995,72.67273423226214,45.75807576995359,95.54702303895394,running,Right wrist,48,0.8
19.00105556113672,22.759519242310162,41.72968579955557,69.72882461967289,45.89515809111942,88.49970002001216,running,Right wrist,49,0.8166666666666667
22.733268275797588,25.964012931113416,48.604576696076045,68.36002283408457,46.0208544152347,80.0610962387274,running,Right wrist,50,0.8333333333333334
23.94988470303936,25.519301408888435,49.30486951112847,68.63188888584185,45.30703259898722,76.61947790663852,running,Right wrist,51,0.85
25.196978033278462,25.034471267286172,49.946061588839314,69.74890213979052,44.62688513229699,73.78568460624838,running,Right wrist,52,0.8666666666666667
23.06870568638961,19.25351893287282,42.27581982073656,67.7040606667718,41.537914433521614,72.36189408744951,running,Right wrist,53,0.8833333333333333
21.084160489036286,13.452309721861011,34.52325863201074,66.6110582507421,38.45876182951678,70.982392026694,running,Right wrist,54,0.9
18.119824511975636,7.747093187897904,24.11699720039077,65.99752775194173,34.05056180901691,70.72229166833789,running,Right wrist,55,0.9166666666666666
16.069045539650244,9.060917426347094,14.341451882918635,66.13956238961147,29.76341389228262,70.12253767644181,running,Right wrist,56,0.9333333333333333
14.364526107050565,13.978644443551927,7.483635246095146,67.04838044239348,25.35497742953232,71.98712426516158,running,Right wrist,57,0.95
8.841541352306171,19.603896061965,11.037994867908873,68.36013851539408,20.921175456633215,73.36528416441561,running,Right wrist,58,0.9666666666666667
81.91775176170808,23.007164319275258,95.90580137552924,69.77122896856109,17.153146780011124,74.99662171646514,running,Left wrist; Right wrist,59,0.9833333333333333
88.1537073356786,26.371340823600896,98.62388935364208,71.3493544711694,13.411360578982146,76.48046366330766,running,Left wrist; Right wrist,60,1
,,,9.561371743014906,21.201925664528773,25.440608517114008,knife,,0,0
,,,12.533513233878809,20.855882046202677,26.653658764570896,knife,,1,0.0125
,,,13.637443627811507,20.874507900566815,27.3233277728741,knife,,2,0.016666667
,,,16.08244740582353,21.144592375604976,28.737217833528316,knife,,3,0.025
,,,18.90034699433061,21.71401490452533,30.6685960384202,knife,,4,0.033333333
,,,20.37368841986842,22.104172445020936,31.640456056646016,knife,,5,0.0375
,,,24.88577665271673,23.385319730948833,34.48638934747269,knife,,6,0.05
,,,28.766845579576128,24.670709019005375,36.50935505419896,knife,,7,0.0625
,,,29.45743912424344,25.106183658700832,36.81505173439574,knife,,8,0.066666667
,,,30.802290774516056,25.99477932146047,37.27460257833004,knife,,9,0.075
,,,32.13891895317838,26.631778427821178,37.151664427759684,knife,,10,0.083333333
,,,32.83176960524965,26.960516854093093,36.99008994684615,knife,,11,0.0875
,,,36.442157810511034,25.556118163133288,35.184109000857326,knife,,12,0.1
,,,38.89863683342774,20.61228185207257,32.1633226908781,knife,,13,0.1125
,,,38.86753780326514,18.502839863554556,31.02917418747587,knife,,14,0.116666667
,,,37.66828277679435,14.951161625582145,28.625450363862846,knife,,15,0.125
,,,35.08886393477838,12.64948950877396,26.686401311104092,knife,,16,0.133333333
,,,33.120303956067936,11.828856752711248,25.739047377888998,knife,,17,0.1375
,,,28.459248679929807,10.295512236821681,24.617726555947616,knife,,18,0.15
,,,27.13457175633533,9.39707688454101,24.613625686571403,knife,,19,0.166666667
,,,26.456688226904646,8.955920980579036,24.62060038519003,knife,,20,0.175
,,,26.361918920720306,8.757017914399954,24.599861633530477,knife,,21,0.183333333
,,,26.22193290210319,8.359104977515784,24.599598335134406,knife,,22,0.2
,,,25.90988778083001,8.448676339210866,24.42255158386058,knife,,23,0.216666667
,,,25.78906994605925,8.511885741140915,24.3505754260981,knife,,24,0.225
,,,25.587017595456178,8.64574626316302,24.333872688287798,knife,,25,0.233333333
,,,25.29786670080463,9.02752133724349,24.313486626542506,knife,,26,0.25
,,,25.77675866883556,9.285693909906804,24.705406284453737,knife,,27,0.266666667
,,,26.075403494351956,9.45136935457846,24.92115556698535,knife,,28,0.275
,,,26.718464858598136,9.452773915311226,25.29448104729727,knife,,29,0.283333333
,,,28.00317771871605,9.46688057037025,26.06210378332705,knife,,30,0.3
,,,29.536459977597215,9.380011148191715,26.69136583223261,knife,,31,0.316666667
,,,30.267264271983137,9.342013042580065,26.992426427291218,knife,,32,0.325
,,,31.075631174171725,9.294251430074212,27.191431677532396,knife,,33,0.333333333
,,,32.597510941096075,9.290751102913452,27.55584273014086,knife,,34,0.35
,,,32.65099756247481,8.636762590235778,27.655509320844715,knife,,35,0.366666667
,,,32.64719068114196,8.308582496842098,27.690628418836422,knife,,36,0.375
,,,31.772961316274593,6.873014047822583,27.91615942652725,knife,,37,0.383333333
,,,29.886235829421725,4.003022588186567,28.341362813408605,knife,,38,0.4
,,,26.781022240589294,0.3476542971049935,28.637292192636334,knife,,39,0.416666667
,,,25.169616398334217,1.8172172218343499,28.766386477807696,knife,,40,0.425
,,,23.86392468620513,3.1807054584123886,28.751228203847532,knife,,41,0.433333333
,,,21.215127679076485,5.949621036707027,28.70677870962592,knife,,42,0.45
,,,18.91569842066793,8.233439332089992,28.540622558206056,knife,,43,0.466666667
,,,17.76007951424836,9.378196533907728,28.456443651200658,knife,,44,0.475
,,,16.716766342051102,10.347775706916952,28.287139107182195,knife,,45,0.483333333
,,,14.661895994984238,12.290663712277022,27.961277644864758,knife,,46,0.5
,,,12.767872171841216,14.026765996132704,27.442255498346107,knife,,47,0.516666667
,,,11.882057948083748,14.895525862810704,27.1966498156498,knife,,48,0.525
,,,11.083285543290433,15.73067279959392,26.87065526714489,knife,,49,0.533333333
,,,9.822940185367397,17.402596486612925,26.27851951319066,knife,,50,0.55
,,,9.328415167913603,19.126564958153665,25.883770675784874,knife,,51,0.566666667
,,,9.316336023517053,19.988839382753643,25.717989728368554,knife,,52,0.575
,,,9.366514640773236,20.393010299021192,25.62308795811798,knife,,53,0.583333333
,,,9.561371743014906,21.201925664528773,25.440608517114008,knife,,54,0.6
