clip,frame,seconds,maxStepDegrees,maxStepJoint,leftThumbResidual,rightThumbResidual,tapResidual,hidden,review
tablet-hold,0,0.75,0.0,,0.0017285844078287482,0.001743090571835637,-1,False,
tablet-hold,1,0.7666666666666667,0.08308616013329885,LeftHandPinky4,0.0017285844078287482,0.001743090571835637,-1,False,
tablet-hold,2,0.7833333333333333,0.08308616013329885,LeftHandPinky4,0.0017285844078287482,0.001743090571835637,-1,False,
tablet-hold,3,0.8,0.08308616013329885,LeftHandPinky4,0.0017285844078287482,0.001743090571835637,-1,False,
tablet-hold,4,0.8166666666666667,0.08308616013329885,LeftHandPinky4,0.0017285844078287482,0.001743090571835637,-1,False,
tablet-hold,5,0.8333333333333334,0.08308616013329885,LeftHandPinky4,0.0017285844078287482,0.001743090571835637,-1,False,
tablet-hold,6,0.85,0.08308616013329885,LeftHandPinky4,0.0017285844078287482,0.001743090571835637,-1,False,
tablet-hold,7,0.8666666666666667,0.08308616013329885,LeftHandPinky4,0.0017285844078287482,0.001743090571835637,-1,False,
tablet-hold,8,0.8833333333333333,0.08308616013329885,LeftHandPinky4,0.0017285844078287482,0.001743090571835637,-1,False,
tablet-hold,9,0.9,0.08308616013329885,LeftHandPinky4,0.0017285844078287482,0.001743090571835637,-1,False,
tablet-lower,0,0,0.0,,0.0017333022551611066,0.0017338574398308992,-1,False,
tablet-lower,1,0.016666666666666666,0.10715810698892696,RightHandIndex4,0.0017290916293859482,0.0017384591046720743,-1,False,
tablet-lower,2,0.03333333333333333,0.11526866441380046,RightHandIndex4,0.001730499672703445,0.0017432017484679818,-1,False,
tablet-lower,3,0.05,0.12044567468917222,RightHandIndex4,0.0017307093366980553,0.0017452805768698454,-1,False,
tablet-lower,4,0.06666666666666667,0.10650546235590723,RightHandIndex4,0.001730613294057548,0.001744041102938354,-1,False,
tablet-lower,5,0.08333333333333333,0.10044099185102481,RightHandMiddle4,0.0017295690486207604,0.0017410446889698505,-1,False,
tablet-lower,6,0.1,0.0889545514617875,RightHandThumb4,0.0017299560131505132,0.0017359672347083688,-1,False,
tablet-lower,7,0.11666666666666667,0.11062366806391566,RightHandThumb4,0.0017263327026739717,0.0017463917611166835,-1,False,
tablet-lower,8,0.13333333333333333,0.11143054871527845,RightHandThumb4,0.001727337366901338,0.0017418322386220098,-1,False,
tablet-lower,9,0.15,0.10193728050408826,RightHandPinky3,0.0017297734739258885,0.0017409265274181962,-1,False,
tablet-lower,10,0.16666666666666666,0.0868402000980336,RightHandRing4,0.0017312518320977688,0.0017346672248095274,-1,False,
tablet-lower,11,0.18333333333333332,0.11539426986897822,RightHandIndex4,0.0017311363480985165,0.0017348270630463958,-1,False,
tablet-lower,12,0.2,0.12240349872176753,RightHandIndex4,0.0017257722793146968,0.0017480108654126525,-1,False,
tablet-lower,13,0.21666666666666667,0.11861503848327169,RightHandMiddle4,0.0017302646301686764,0.0017460966482758522,-1,False,
tablet-lower,14,0.23333333333333334,0.11341836780494244,RightHandPinky4,0.0017294642748311162,0.001744645880535245,-1,False,
tablet-lower,15,0.25,0.11679500267100548,RightHandMiddle4,0.0017303370404988527,0.0017445256235077977,-1,False,
tablet-lower,16,0.26666666666666666,0.12060575660153988,RightHandMiddle4,0.001727896393276751,0.0017431759042665362,-1,False,
tablet-lower,17,0.2833333333333333,0.08924913944839626,RightHandPinky3,0.00172810151707381,0.0017370665445923805,-1,False,
tablet-lower,18,0.3,0.11038713454071936,RightHandPinky4,0.0017304562497884035,0.001744495122693479,-1,False,
tablet-lower,19,0.31666666666666665,0.1308396993713687,RightHandThumb4,0.0017316358862444758,0.001741538057103753,-1,False,
tablet-lower,20,0.3333333333333333,0.14495494522031022,RightHandIndex4,0.0017301157349720597,0.0017397957853972912,-1,False,
tablet-lower,21,0.35,0.12621512040393348,RightHandIndex4,0.001728042378090322,0.0017419994110241532,-1,False,
tablet-lower,22,0.36666666666666664,0.094343930642879,RightHandMiddle4,0.0017298103775829077,0.0017406634287908673,-1,False,
tablet-lower,23,0.38,0.0,,0.0017333022551611066,0.0017338574398308992,-1,True,
tablet-raise,0,0,0.0,,0.0017251740209758282,0.001736299367621541,-1,False,
tablet-raise,1,0.016666666666666666,0.11150461940723977,RightHandRing4,0.0017303620697930455,0.0017394931055605412,-1,False,
tablet-raise,2,0.03333333333333333,0.11319056240580655,RightHandRing4,0.0017329973634332418,0.0017466899007558823,-1,False,
tablet-raise,3,0.05,0.1052781143554737,RightHandIndex4,0.0017299415776506066,0.0017437594942748547,-1,False,
tablet-raise,4,0.06666666666666667,0.11251738827171805,RightHandIndex4,0.0017299040919169784,0.0017404431710019708,-1,False,
tablet-raise,5,0.08333333333333333,0.11462648976291814,RightHandIndex4,0.0017281726468354464,0.0017423616955056787,-1,False,
tablet-raise,6,0.1,0.10646671537772541,RightHandIndex4,0.0017333469586446881,0.0017459993250668049,-1,False,
tablet-raise,7,0.11666666666666667,0.1052323228219094,RightHandIndex4,0.0017265904461964965,0.0017463795375078917,-1,False,
tablet-raise,8,0.13333333333333333,0.1030043921548175,RightHandIndex4,0.0017296504229307175,0.0017455298220738769,-1,False,
tablet-raise,9,0.15,0.11257881876570972,RightHandPinky4,0.0017303002532571554,0.0017450476298108697,-1,False,
tablet-raise,10,0.16666666666666666,0.11637765636463797,RightHandPinky3,0.0017305172514170408,0.0017402693629264832,-1,False,
tablet-raise,11,0.18333333333333332,0.10801775742071348,RightHandThumb4,0.001729906420223415,0.0017462362302467227,-1,False,
tablet-raise,12,0.2,0.11675792003594412,RightHandThumb4,0.0017321547493338585,0.0017446760321035981,-1,False,
tablet-raise,13,0.21666666666666667,0.10449737153447707,RightHandPinky4,0.001729281386360526,0.0017395704053342342,-1,False,
tablet-raise,14,0.23333333333333334,0.11219964023484205,RightHandMiddle4,0.0017298494931310415,0.0017440454103052616,-1,False,
tablet-raise,15,0.25,0.10288847278856232,RightHandIndex3,0.0017311398405581713,0.0017438528593629599,-1,False,
tablet-raise,16,0.26666666666666666,0.10285460570041072,RightUpperArm,0.0017304479843005538,0.0017463028198108077,-1,False,
tablet-raise,17,0.2833333333333333,0.11287388536840749,RightHandIndex4,0.001731293392367661,0.001746076624840498,-1,False,
tablet-raise,18,0.3,0.11121950155378729,RightHandIndex4,0.0017300342442467809,0.0017421789234504104,-1,False,
tablet-raise,19,0.31666666666666665,0.1124894208226669,RightHandThumb4,0.0017302086343988776,0.0017351530259475112,-1,False,
tablet-raise,20,0.3333333333333333,0.12692469596634764,RightHandThumb4,0.0017302893102169037,0.00174416892696172,-1,False,
tablet-raise,21,0.35,0.1005447575216912,RightHandMiddle4,0.0017311061965301633,0.0017425536643713713,-1,False,
tablet-raise,22,0.36666666666666664,0.09738652466795553,RightHandMiddle4,0.001729952753521502,0.0017450065352022648,-1,False,
tablet-raise,23,0.38333333333333336,0.10757606324437585,RightHandPinky4,0.0017317768651992083,0.0017440621741116047,-1,False,
tablet-raise,24,0.4,0.11631018120947369,RightHandMiddle4,0.0017279229359701276,0.0017379545606672764,-1,False,
tablet-raise,25,0.4166666666666667,0.11354460201496187,RightHandRing4,0.001729838433675468,0.001737284823320806,-1,False,
tablet-raise,26,0.43333333333333335,0.09862790142855496,RightHandIndex4,0.0017271339893341064,0.001741716987453401,-1,False,
tablet-raise,27,0.45,0.09215180751461823,RightHandPinky3,0.0017297178274020553,0.0017488612793385983,-1,False,
tablet-raise,28,0.4666666666666667,0.11440140833775579,RightHandPinky4,0.0017324129585176706,0.001749710412696004,-1,False,
tablet-raise,29,0.48333333333333334,0.11816904179438091,RightHandPinky4,0.0017297593876719475,0.0017345476662740111,-1,False,
tablet-raise,30,0.5,0.11205648506180174,RightHandIndex4,0.0017284289933741093,0.0017441906966269016,-1,False,
tablet-raise,31,0.5166666666666667,0.10397907767432119,RightHandThumb4,0.0017262218752875924,0.0017415891634300351,-1,False,
tablet-raise,32,0.5333333333333333,0.09361363013609135,RightHandMiddle4,0.0017302200431004167,0.0017421789234504104,-1,False,
tablet-raise,33,0.55,0.11357804255001568,RightHandMiddle4,0.0017285780049860477,0.0017405361868441105,-1,False,
tablet-raise,34,0.5666666666666667,0.1216438860828563,RightHandRing4,0.001730603282339871,0.0017429896397516131,-1,False,
tablet-raise,35,0.5833333333333334,0.11121337215936235,RightHandRing4,0.0017303097993135452,0.001740968436934054,-1,False,
tablet-raise,36,0.6,0.11043718564695953,RightHandIndex4,0.0017271339893341064,0.0017420166404917836,-1,False,
tablet-raise,37,0.6166666666666667,0.1076843000176786,RightHandIndex4,0.0017321890918537974,0.001742251217365265,-1,False,
tablet-raise,38,0.6333333333333333,0.0962264828794089,RightHandRing3,0.0017299538012593985,0.0017458762740716338,-1,False,
tablet-raise,39,0.65,0.0975631462584234,RightUpperArm,0.0017309532267972827,0.0017432777676731348,-1,False,
tablet-raise,40,0.6666666666666666,0.11102041924852002,RightHandIndex4,0.0017272128025069833,0.0017423015087842941,-1,False,
tablet-raise,41,0.6833333333333333,0.10611906769595802,RightHandThumb4,0.0017317902529612184,0.0017468419391661882,-1,False,
tablet-raise,42,0.7,0.10196765002487194,RightHandRing4,0.001727131544612348,0.0017392714507877827,-1,False,
tablet-raise,43,0.7166666666666667,0.10495050650791954,RightHandRing4,0.0017298327293246984,0.001734948018565774,-1,False,
tablet-raise,44,0.7333333333333333,0.1148997897342031,RightHandPinky4,0.0017269995296373963,0.0017445679986849427,-1,False,
tablet-raise,45,0.75,0.0955358437800901,RightHandPinky4,0.0017285844078287482,0.001743090571835637,-1,False,
tablet-tap,0,0.9,0.0,,0.0017285844078287482,0.001743090571835637,-1,False,
tablet-tap,1,0.9166666666666667,3.298674774921448,RightHandIndex4,0.0017285844078287482,0.001743090571835637,0.07995719462633133,False,
tablet-tap,2,0.9333333333333333,9.155053496338441,RightHandIndex4,0.0017285844078287482,0.001743090571835637,0.06662225723266602,False,
tablet-tap,3,0.9500000000000001,13.742950393751343,RightHandIndex3,0.0017285844078287482,0.001743090571835637,0.050891101360321045,False,
tablet-tap,4,0.9666666666666667,16.84741202544355,RightHandIndex3,0.0017285844078287482,0.001743090571835637,0.03720315173268318,False,
tablet-tap,5,0.9833333333333334,18.37217188443095,RightHandIndex3,0.0017285844078287482,0.001743090571835637,0.027683716267347336,False,
tablet-tap,6,1,18.677616612469947,RightHandIndex4,0.0017285844078287482,0.001743090571835637,0.021382583305239677,False,
tablet-tap,7,1.0166666666666666,18.085465054657146,RightHandIndex4,0.0017285844078287482,0.001743090571835637,0.016741834580898285,False,
tablet-tap,8,1.0333333333333334,16.737157064651946,RightHandIndex3,0.0017285844078287482,0.001743090571835637,0.01363990269601345,False,
tablet-tap,9,1.05,15.170658086084751,RightHandIndex3,0.0017285844078287482,0.001743090571835637,0.01145696360617876,False,
tablet-tap,10,1.06,8.381271978694109,RightHandIndex4,0.0017285844078287482,0.001743090571835637,0.010405746288597584,False,
tablet-tap,11,1.0666666666666667,5.313838884454885,RightHandIndex3,0.0017285844078287482,0.001743090571835637,0.009761504828929901,False,
tablet-tap,12,1.0833333333333333,12.452072915414362,RightHandIndex3,0.0017285844078287482,0.001743090571835637,0.008232004940509796,False,
tablet-tap,13,1.1,11.501465845337373,RightHandIndex4,0.0017285844078287482,0.001743090571835637,0.006681286264210939,False,
tablet-tap,14,1.1166666666666667,10.179949453771258,RightHandIndex3,0.0017285844078287482,0.001743090571835637,0.00505048967897892,False,
tablet-tap,15,1.1333333333333333,7.48091692651578,RightHandIndex4,0.0017285844078287482,0.001743090571835637,0.0036467111203819513,False,
tablet-tap,16,1.15,2.871370859296449,RightHandIndex4,0.0017298520542681217,0.0017452712636440992,0.0030594905838370323,False,visual lead: inspect actual index pad/screen contact and supporting back-finger contact
tablet-tap,17,1.1666666666666667,0.1362261666626607,RightHandThumb4,0.0017298520542681217,0.0017452712636440992,0.0030598074663430452,False,visual lead: inspect actual index pad/screen contact and supporting back-finger contact
tablet-tap,18,1.1833333333333333,0.1377206190198704,RightHandThumb4,0.0017298520542681217,0.0017452712636440992,0.003060310147702694,False,visual lead: inspect actual index pad/screen contact and supporting back-finger contact
tablet-tap,19,1.2,0.15085072186379758,RightHandThumb4,0.0017298520542681217,0.0017452712636440992,0.0030611108522862196,False,visual lead: inspect actual index pad/screen contact and supporting back-finger contact
tablet-tap,20,1.2166666666666668,0.19298982456058777,RightLowerArm,0.0017298520542681217,0.0017452712636440992,0.0030622147023677826,False,
tablet-tap,21,1.2333333333333334,0.2112751125935235,RightLowerArm,0.0017298520542681217,0.0017452712636440992,0.0030633595306426287,False,
tablet-tap,22,1.25,0.2090255988511138,RightLowerArm,0.0017298520542681217,0.0017452712636440992,0.003064611228182912,False,
tablet-tap,23,1.2666666666666666,0.22065101301300627,RightLowerArm,0.0017298520542681217,0.0017452712636440992,0.0030657693278044462,False,
tablet-tap,24,1.27,0.13715228713438085,RightHandThumb4,0.0017298520542681217,0.0017452712636440992,0.0030660468619316816,False,
tablet-tap,25,1.2833333333333334,1.291018972936101,RightHandIndex4,0.0017298520542681217,0.0017452712636440992,0.0033395348582416773,False,
tablet-tap,26,1.3,4.840524798742086,RightHandIndex4,0.0017298520542681217,0.0017452712636440992,0.004300741944462061,False,
tablet-tap,27,1.3166666666666667,7.409607174802663,RightHandIndex4,0.0017298520542681217,0.0017452712636440992,0.005616563837975264,False,
tablet-tap,28,1.3333333333333335,8.920442882189027,RightHandIndex4,0.0017298520542681217,0.0017452712636440992,0.0069779823534190655,False,
tablet-tap,29,1.35,9.747253395386736,RightHandIndex4,0.0017298520542681217,0.0017452712636440992,0.008258958347141743,False,
tablet-tap,30,1.3666666666666667,10.380502291464685,RightHandIndex4,0.0017298520542681217,0.0017452712636440992,0.009509924799203873,False,
tablet-tap,31,1.37,2.164953970931168,RightHandIndex4,0.0017298520542681217,0.0017452712636440992,0.009766855277121067,False,
tablet-tap,32,1.3833333333333333,8.985888752946936,RightHandIndex4,0.0017298520542681217,0.0017452712636440992,0.010856728069484234,False,
tablet-tap,33,1.4,12.106619199936462,RightHandIndex4,0.0017298520542681217,0.0017452712636440992,0.012462667189538479,False,
tablet-tap,34,1.4166666666666667,13.193461783242133,RightHandIndex4,0.0017298520542681217,0.0017452712636440992,0.014549829065799713,False,
tablet-tap,35,1.4333333333333333,14.25942771918948,RightHandIndex4,0.0017298520542681217,0.0017452712636440992,0.017387043684720993,False,
tablet-tap,36,1.4500000000000002,15.154531598561306,RightHandIndex4,0.0017298520542681217,0.0017452712636440992,0.021384315565228462,False,
tablet-tap,37,1.4666666666666668,15.56849997656919,RightHandIndex4,0.0017298520542681217,0.0017452712636440992,0.02651595138013363,False,
tablet-tap,38,1.4833333333333334,15.45401625473484,RightHandIndex4,0.0017298520542681217,0.0017452712636440992,0.03353587165474892,False,
tablet-tap,39,1.5,14.740906938185434,RightHandIndex4,0.0017298520542681217,0.0017452712636440992,0.04360633343458176,False,
tablet-tap,40,1.5166666666666666,13.161769833628048,RightHandIndex4,0.0017310470575466752,0.0017421664670109749,0.05608602613210678,False,
tablet-tap,41,1.5333333333333332,10.601652403607044,RightHandIndex3,0.001730761374346912,0.0017460023518651724,0.06916328519582748,False,
tablet-tap,42,1.55,7.286328236170433,RightHandIndex3,0.0017283514607697725,0.001741443295031786,0.0799645185470581,False,
tablet-tap,43,1.5666666666666667,3.194256746750693,RightHandIndex4,0.0017314832657575607,0.0017426213016733527,0.08525516837835312,False,
tablet-tap,44,1.57,0.15527607121409498,RightHandIndex4,0.0017302836058661342,0.0017410967266187072,0.08525516837835312,False,
tablet-tap,45,1.5833333333333335,0.11320592119118907,RightHandMiddle4,0.001729761017486453,0.0017416669288650155,0.08525516837835312,False,
tablet-tap,46,1.6,0.10423953628322777,RightHandIndex4,0.0017297707963734865,0.0017420407384634018,0.08525516837835312,False,
tablet-tap,47,1.6166666666666667,0.11705364678156521,RightHandIndex4,0.001728556235320866,0.001740848645567894,0.08525516837835312,False,
tablet-tap,48,1.6333333333333333,0.10963993428226194,RightHandIndex4,0.0017271778779104352,0.0017454623011872172,0.08525516837835312,False,
tablet-tap,49,1.65,0.11066148820156851,RightHandThumb4,0.0017297656740993261,0.0017344581428915262,0.08525516837835312,False,
tablet-tap,50,1.6666666666666667,0.10158725421114256,RightHandThumb4,0.001731367316097021,0.0017459247028455138,0.08525516837835312,False,
tablet-tap,51,1.6833333333333333,0.10859866928258533,RightHandThumb4,0.0017298486782237887,0.0017439922085031867,0.08525516837835312,False,
tablet-tap,52,1.7,0.11060397323118987,RightHandThumb4,0.0017323504434898496,0.0017390542197972536,0.08525516837835312,False,
