street_edge,from_x,from_z,to_x,to_z,eligible_m,before_percent,after_percent,before_max_gap_m,after_max_gap_m
284,-212.2,-737.4,-147.8,-484.3,23.481,0.000,100.000,23.481,0.000
285,-212.2,-737.4,-101,-429.5,76.704,0.000,100.000,76.704,0.000
286,-212.2,-737.4,-73.6,-420.5,91.117,61.930,100.000,29.963,0.000
287,-212.2,-737.4,-61.5,-447,70.144,2.583,100.000,68.332,0.000
402,-564.8,-474,-524.4,-433.6,30.053,85.357,100.000,1.972,0.000
405,-175.4,-450.9,-150,-433.4,6.870,0.000,100.000,4.913,0.000
407,-61.5,-447,-73.6,-420.5,18.987,0.000,100.000,18.987,0.000
412,-150,-433.4,-183,-432,20.385,0.000,100.000,20.385,0.000
413,-150,-433.4,-153,-356,46.180,0.000,100.000,35.254,0.000
414,-150,-433.4,-101,-429.5,39.295,13.709,100.000,18.256,0.000
415,-73.6,-420.5,-84,-393,19.174,0.000,100.000,19.174,0.000
416,-73.6,-420.5,-58.9,-381.1,17.427,0.000,100.000,17.427,0.000
418,-508.9,-414,-478.6,-393.6,19.516,0.000,100.000,19.516,0.000
426,-58.9,-381.1,-87,-355.5,10.000,19.536,100.000,5.116,0.000
429,-576.8,-417.4,-572,-384,27.806,6.975,100.000,17.817,0.000
430,-478.6,-393.6,-453,-373.5,19.189,0.000,100.000,19.189,0.000
432,-533.7,-393.2,-540.5,-364.3,11.166,39.063,100.000,4.351,0.000
434,-572,-384,-540.5,-364.3,24.930,40.000,100.000,14.958,0.000
435,-478.6,-393.6,-540.5,-364.3,58.237,71.980,100.000,14.343,0.000
436,-453,-373.5,-405,-369,35.480,11.268,100.000,19.989,0.000
437,-405,-369,-395.8,-277.5,64.927,50.040,100.000,17.942,0.000
438,-405,-369,-246.6,-363.2,133.600,87.034,100.000,7.942,0.000
439,-246.6,-363.2,-246,-307,43.191,68.768,100.000,13.490,0.000
440,-246.6,-363.2,-153,-356,63.281,79.528,100.000,3.986,0.000
443,-153,-356,-157,-280,48.957,18.367,100.000,36.468,0.000
444,-153,-356,-87,-355.5,36.915,20.270,100.000,16.462,0.000
445,-540.5,-364.3,-563.5,-331,23.855,33.003,100.000,10.333,0.000
454,-563.5,-331,-590.5,-320,19.079,0.000,100.000,19.079,0.000
456,-590.5,-320,-632,-306.5,23.231,0.000,100.000,23.231,0.000
460,-502,-300.2,-550.1,-308.5,23.514,22.556,100.000,15.795,0.000
461,-246,-307,-249,-284.6,9.773,0.000,100.000,9.773,0.000
463,-502,-300.2,-528.1,-250.1,27.438,0.000,100.000,27.438,0.000
464,-550.1,-308.5,-561,-226.8,62.624,43.749,100.000,24.464,0.000
465,-502,-300.2,-455.2,-267.5,40.186,45.826,100.000,6.361,0.000
466,-395.8,-277.5,-355,-285.4,42.289,2.313,100.000,18.993,0.000
467,-355,-285.4,-335.8,-277.3,9.211,0.000,100.000,9.211,0.000
468,-249,-284.6,-335.8,-277.3,61.921,91.509,100.000,2.771,0.000
469,-249,-284.6,-157,-280,66.509,28.711,100.000,42.167,0.000
470,-395.8,-277.5,-455.2,-267.5,50.759,36.071,100.000,16.409,0.000
471,-157,-280,-157.7,-172,80.631,90.441,100.000,4.211,0.000
472,-157,-280,-65,-278,50.474,49.047,100.000,18.319,0.000
475,-455.2,-267.5,-422,-248.8,32.658,7.448,97.020,22.899,0.973
476,-335.8,-277.3,-395.8,-277.5,49.738,4.889,100.000,18.287,0.000
477,-335.8,-277.3,-293.3,-225.8,46.398,14.891,100.000,24.083,0.000
485,-589,-266,-561,-226.8,47.083,0.000,100.000,47.083,0.000
486,-395.8,-277.5,-332,-221,65.023,51.083,100.000,15.892,0.000
487,-293.3,-225.8,-281.2,-183.4,17.528,33.334,100.000,11.198,0.000
488,-293.3,-225.8,-253.9,-191.9,39.692,44.384,100.000,16.122,0.000
489,-561,-226.8,-528.1,-250.1,33.533,0.000,100.000,33.533,0.000
490,-528.1,-250.1,-507,-232,16.873,5.882,100.000,15.881,0.000
492,-422,-248.8,-412.6,-207,28.218,0.000,100.000,28.218,0.000
494,-507,-232,-457.5,-210.5,55.620,0.000,100.000,55.620,0.000
495,-332,-221,-309.5,-191.4,28.019,38.576,100.000,10.809,0.000
497,-412.6,-207,-491.7,-152.3,72.733,67.473,100.000,15.870,0.000
498,-412.6,-207,-394,-177.5,35.192,0.000,100.000,31.658,0.000
499,-561,-226.8,-601,-152,76.090,64.889,100.000,12.482,0.000
501,-457.5,-210.5,-491.7,-152.3,66.165,45.530,100.000,15.516,0.000
503,-491.7,-152.3,-491,-184,38.583,1.290,100.000,38.085,0.000
504,-491.7,-152.3,-547,-129,48.284,68.822,100.000,11.955,0.000
505,-491.7,-152.3,-539.4,-80.7,64.551,23.730,100.000,26.967,0.000
506,-491.7,-152.3,-446.2,-126,36.437,22.015,100.000,15.904,0.000
507,-491.7,-152.3,-436.2,-161.3,31.881,0.000,100.000,31.881,0.000
508,-491.7,-152.3,-394,-177.5,78.943,49.694,100.000,39.215,0.000
510,-309.5,-191.4,-347,-188.5,10.914,63.708,100.000,3.961,0.000
511,-253.9,-191.9,-157.7,-172,90.551,40.722,100.000,22.114,0.000
512,-309.5,-191.4,-281.2,-183.4,5.450,0.000,100.000,5.450,0.000
515,-394,-177.5,-347,-188.5,22.796,4.384,100.000,20.797,0.000
516,-347,-188.5,-295.2,-100.9,24.069,77.434,100.000,5.431,0.000
517,-281.2,-183.4,-250,-135.3,20.055,73.475,100.000,4.832,0.000
522,-394,-177.5,-345.5,-156.5,39.361,49.712,100.000,10.077,0.000
534,-394,-177.5,-436.2,-161.3,20.019,92.734,100.000,0.493,0.000
535,-436.2,-161.3,-446.2,-126,10.667,54.422,100.000,4.862,0.000
538,-345.5,-156.5,-295.2,-100.9,6.330,92.308,100.000,0.487,0.000
541,-601,-152,-614,-111,43.048,40.230,100.000,12.865,0.000
545,-672,-133,-685,-103.2,32.580,22.727,100.000,12.834,0.000
546,-547,-129,-563,-120,19.889,0.000,100.000,19.889,0.000
547,-446.2,-126,-475.5,-46.7,62.069,78.886,100.000,6.765,0.000
548,-446.2,-126,-415,-115,18.493,40.312,100.000,11.038,0.000
551,-563,-120,-581.3,-98.1,19.771,0.000,100.000,19.771,0.000
561,-614,-111,-623.4,-80.3,19.285,30.769,100.000,12.857,0.000
565,-685,-103.2,-705,-55,58.892,40.948,100.000,20.419,0.000
566,-581.3,-98.1,-623.4,-80.3,20.915,0.000,100.000,18.610,0.000
568,-581.3,-98.1,-539.4,-80.7,24.234,72.181,100.000,2.626,0.000
569,-623.4,-80.3,-642.8,-53.8,6.452,0.000,100.000,6.452,0.000
578,-539.4,-80.7,-570.4,1.3,58.620,77.905,100.000,3.978,0.000
580,-539.4,-80.7,-500,-65,29.456,54.237,100.000,13.480,0.000
583,-500,-65,-475.5,-46.7,20.843,31.063,100.000,12.949,0.000
587,-642.8,-53.8,-666.3,-37.3,18.398,0.000,100.000,18.398,0.000
595,-666.3,-37.3,-656.2,-15.1,24.671,0.000,100.000,24.671,0.000
597,-644,-35,-656.2,-15.1,16.527,0.000,100.000,12.989,0.000
598,-644,-35,-620,-27,12.485,0.000,100.000,12.485,0.000
601,-620,-27,-595,-18,26.571,0.000,100.000,26.571,0.000
607,-595,-18,-570.4,1.3,22.534,16.763,100.000,12.965,0.000
617,-570.4,1.3,-519,10,28.111,45.942,100.000,4.486,0.000
