street_edge,from_x,from_z,to_x,to_z,eligible_m,before_percent,after_percent,before_max_gap_m,after_max_gap_m
284,-212.2,-737.4,-147.8,-484.3,23.481,0,100,23.481,0
285,-212.2,-737.4,-101,-429.5,76.704,0,100,76.704,0
286,-212.2,-737.4,-73.6,-420.5,91.117,61.93,100,29.963,0
287,-212.2,-737.4,-61.5,-447,70.144,2.583,100,68.332,0
402,-564.8,-474,-524.4,-433.6,30.053,85.357,100,1.972,0
405,-175.4,-450.9,-150,-433.4,6.87,0,100,4.913,0
407,-61.5,-447,-73.6,-420.5,18.987,0,100,18.987,0
412,-150,-433.4,-183,-432,20.385,0,100,20.385,0
413,-150,-433.4,-153,-356,46.18,0,100,35.254,0
414,-150,-433.4,-101,-429.5,39.295,13.709,100,18.256,0
415,-73.6,-420.5,-84,-393,19.174,0,100,19.174,0
416,-73.6,-420.5,-58.9,-381.1,17.427,0,100,17.427,0
418,-508.9,-414,-478.6,-393.6,19.516,0,100,19.516,0
426,-58.9,-381.1,-87,-355.5,10.0,19.536,100,5.116,0
429,-576.8,-417.4,-572,-384,27.806,6.975,100,17.817,0
430,-478.6,-393.6,-453,-373.5,19.189,0,100,19.189,0
432,-533.7,-393.2,-540.5,-364.3,11.166,39.063,100,4.351,0
434,-572,-384,-540.5,-364.3,24.93,40.0,100,14.958,0
435,-478.6,-393.6,-540.5,-364.3,58.237,71.98,100,14.343,0
436,-453,-373.5,-405,-369,35.48,11.268,100,19.989,0
437,-405,-369,-395.8,-277.5,64.927,50.04,100,17.942,0
438,-405,-369,-246.6,-363.2,133.6,87.034,100,7.942,0
439,-246.6,-363.2,-246,-307,43.191,68.768,100,13.49,0
440,-246.6,-363.2,-153,-356,63.281,79.528,100,3.986,0
443,-153,-356,-157,-280,48.957,18.367,100,36.468,0
444,-153,-356,-87,-355.5,36.915,20.27,100,16.462,0
445,-540.5,-364.3,-563.5,-331,23.855,33.003,100,10.333,0
454,-563.5,-331,-590.5,-320,19.079,0,100,19.079,0
456,-590.5,-320,-632,-306.5,23.231,0,100,23.231,0
460,-502,-300.2,-550.1,-308.5,23.514,22.556,100,15.795,0
461,-246,-307,-249,-284.6,9.773,0,100,9.773,0
463,-502,-300.2,-528.1,-250.1,27.438,0,100,27.438,0
464,-550.1,-308.5,-561,-226.8,62.624,43.749,100,24.464,0
465,-502,-300.2,-455.2,-267.5,40.186,45.826,100,6.361,0
466,-395.8,-277.5,-355,-285.4,42.289,2.313,100,18.993,0
467,-355,-285.4,-335.8,-277.3,9.211,0,100,9.211,0
468,-249,-284.6,-335.8,-277.3,61.921,91.509,100,2.771,0
469,-249,-284.6,-157,-280,66.509,28.711,100,42.167,0
470,-395.8,-277.5,-455.2,-267.5,50.759,36.071,100,16.409,0
471,-157,-280,-157.7,-172,80.631,90.441,100,4.211,0
472,-157,-280,-65,-278,50.474,49.047,100,18.319,0
475,-455.2,-267.5,-422,-248.8,32.658,7.448,97.02,22.899,0.973
476,-335.8,-277.3,-395.8,-277.5,49.738,4.889,100,18.287,0
477,-335.8,-277.3,-293.3,-225.8,46.398,14.891,100,24.083,0
485,-589,-266,-561,-226.8,47.083,0,100,47.083,0
486,-395.8,-277.5,-332,-221,65.023,51.083,100,15.892,0
487,-293.3,-225.8,-281.2,-183.4,17.528,33.334,100,11.198,0
488,-293.3,-225.8,-253.9,-191.9,39.692,44.384,100,16.122,0
489,-561,-226.8,-528.1,-250.1,33.533,0,100,33.533,0
490,-528.1,-250.1,-507,-232,16.873,5.882,100,15.881,0
492,-422,-248.8,-412.6,-207,28.218,0,100,28.218,0
494,-507,-232,-457.5,-210.5,55.62,0,100,55.62,0
495,-332,-221,-309.5,-191.4,28.019,38.576,100,10.809,0
497,-412.6,-207,-491.7,-152.3,72.733,67.473,100,15.87,0
498,-412.6,-207,-394,-177.5,35.192,0,100,31.658,0
499,-561,-226.8,-601,-152,76.09,64.889,100,12.482,0
501,-457.5,-210.5,-491.7,-152.3,66.165,45.53,100,15.516,0
503,-491.7,-152.3,-491,-184,38.583,1.29,100,38.085,0
504,-491.7,-152.3,-547,-129,48.284,68.822,100,11.955,0
505,-491.7,-152.3,-539.4,-80.7,64.551,23.73,100,26.967,0
506,-491.7,-152.3,-446.2,-126,36.437,22.015,100,15.904,0
507,-491.7,-152.3,-436.2,-161.3,31.881,0,100,31.881,0
508,-491.7,-152.3,-394,-177.5,78.943,49.694,100,39.215,0
510,-309.5,-191.4,-347,-188.5,10.914,63.708,100,3.961,0
511,-253.9,-191.9,-157.7,-172,90.551,40.722,100,22.114,0
512,-309.5,-191.4,-281.2,-183.4,5.45,0,100,5.45,0
515,-394,-177.5,-347,-188.5,22.796,4.384,100,20.797,0
516,-347,-188.5,-295.2,-100.9,24.069,77.434,100,5.431,0
517,-281.2,-183.4,-250,-135.3,20.055,73.475,100,4.832,0
522,-394,-177.5,-345.5,-156.5,39.361,49.712,100,10.077,0
534,-394,-177.5,-436.2,-161.3,20.019,92.734,100,0.493,0
535,-436.2,-161.3,-446.2,-126,10.667,54.422,100,4.862,0
538,-345.5,-156.5,-295.2,-100.9,6.33,92.308,100,0.487,0
541,-601,-152,-614,-111,43.048,40.23,100,12.865,0
545,-672,-133,-685,-103.2,32.58,22.727,100,12.834,0
546,-547,-129,-563,-120,19.889,0,100,19.889,0
547,-446.2,-126,-475.5,-46.7,62.069,78.886,100,6.765,0
548,-446.2,-126,-415,-115,18.493,40.312,100,11.038,0
551,-563,-120,-581.3,-98.1,19.771,0,100,19.771,0
561,-614,-111,-623.4,-80.3,19.285,30.769,100,12.857,0
565,-685,-103.2,-705,-55,58.892,40.948,100,20.419,0
566,-581.3,-98.1,-623.4,-80.3,20.915,0,100,18.61,0
568,-581.3,-98.1,-539.4,-80.7,24.234,72.181,100,2.626,0
569,-623.4,-80.3,-642.8,-53.8,6.452,0,100,6.452,0
578,-539.4,-80.7,-570.4,1.3,58.62,77.905,100,3.978,0
580,-539.4,-80.7,-500,-65,29.456,54.237,100,13.48,0
583,-500,-65,-475.5,-46.7,20.843,31.063,100,12.949,0
587,-642.8,-53.8,-666.3,-37.3,18.398,0,100,18.398,0
595,-666.3,-37.3,-656.2,-15.1,24.671,0,100,24.671,0
597,-644,-35,-656.2,-15.1,16.527,0,100,12.989,0
598,-644,-35,-620,-27,12.485,0,100,12.485,0
601,-620,-27,-595,-18,26.571,0,100,26.571,0
607,-595,-18,-570.4,1.3,22.534,16.763,100,12.965,0
617,-570.4,1.3,-519,10,28.111,45.942,100,4.486,0
