street_edge,from_x,from_z,to_x,to_z,before_reviewed_percent,after_conservative_percent,after_native_percent,native_eligible_m,native_painted_m,native_max_gap_m
284,-212.2,-737.4,-147.8,-484.3,0,100,100,23.4142200239214,23.4142200239214,0
285,-212.2,-737.4,-101,-429.5,0,100,100,76.7000120110047,76.7000120110047,0
286,-212.2,-737.4,-73.6,-420.5,61.931,100,100,91.115144660017,91.115144660017,0
287,-212.2,-737.4,-61.5,-447,2.583,100,100,70.1431221936493,70.1431221936493,0
402,-564.8,-474,-524.4,-433.6,85.357,100,100,30.052856089527,30.052856089527,0
405,-175.4,-450.9,-150,-433.4,0,100,100,5.88956528256118,5.88956528256118,0
407,-61.5,-447,-73.6,-420.5,0,100,100,18.9874359451152,18.9874359451152,0
412,-150,-433.4,-183,-432,0,100,100,19.8875744219053,19.8875744219053,0
413,-150,-433.4,-153,-356,74.194,100,100,46.1783939368061,46.1783939368061,0
414,-150,-433.4,-101,-429.5,13.709,100,100,39.2952762775804,39.2952762775804,0
415,-73.6,-420.5,-84,-393,0,100,100,19.1735162298698,19.1735162298698,0
416,-73.6,-420.5,-58.9,-381.1,0,100,100,17.4272973267632,17.4272973267632,0
418,-508.9,-414,-478.6,-393.6,0,100,100,19.5165344207835,19.5165344207835,0
426,-58.9,-381.1,-87,-355.5,19.536,100,100,10.0001962130795,10.0001962130795,0
429,-576.8,-417.4,-572,-384,12.335,100,100,27.8067283403165,27.8067283403165,0
430,-478.6,-393.6,-453,-373.5,0,100,100,19.1888046274709,19.1888046274709,0
432,-533.7,-393.2,-540.5,-364.3,39.063,100,100,11.166282471624,11.166282471624,0
434,-572,-384,-540.5,-364.3,48.0,100,100,24.9299952831031,24.9299952831031,0
435,-478.6,-393.6,-540.5,-364.3,71.98,100,100,58.2367955169783,58.2367955169783,0
436,-453,-373.5,-405,-369,11.765,100,100,33.9806837947616,33.9806837947616,0
437,-405,-369,-395.8,-277.5,50.043,100,100,64.9234747124833,64.9234747124833,0
438,-405,-369,-246.6,-363.2,89.861,100,100,131.614600757982,131.614600757982,0
439,-246.6,-363.2,-246,-307,45.58,100,100,39.224881815889,39.224881815889,0
440,-246.6,-363.2,-153,-356,82.677,100,100,63.2810264858815,63.2810264858815,0
443,-153,-356,-157,-280,19.149,100,100,46.9588590315062,46.9588590315062,0
444,-153,-356,-87,-355.5,20.27,100,100,36.9146197239056,36.9146197239056,0
445,-540.5,-364.3,-563.5,-331,33.003,100,100,23.8555126761164,23.8555126761164,0
454,-563.5,-331,-590.5,-320,0,100,100,19.0786025230509,19.0786025230509,0
456,-590.5,-320,-632,-306.5,0,100,100,23.2310117161444,23.2310117161444,0
460,-502,-300.2,-550.1,-308.5,22.541,100,100,23.5294680234968,23.5294680234968,0
461,-246,-307,-249,-284.6,0,100,100,8.79610540621297,8.79610540621297,0
463,-502,-300.2,-528.1,-250.1,0,100,100,27.4401810963925,27.4401810963925,0
464,-550.1,-308.5,-561,-226.8,43.74,100,100,62.6220070248193,62.6220070248193,0
465,-502,-300.2,-455.2,-267.5,44.941,100,100,40.0997760232193,40.0997760232193,0
466,-395.8,-277.5,-355,-285.4,2.313,100,100,42.2886062985656,42.2886062985656,0
467,-355,-285.4,-335.8,-277.3,0,100,100,9.21079073783048,9.21079073783048,0
468,-249,-284.6,-335.8,-277.3,94.736,100,100,61.9213961684159,61.9213961684159,0
469,-249,-284.6,-157,-280,28.711,100,100,66.5409463962511,66.5409463962511,0
470,-395.8,-277.5,-455.2,-267.5,35.064,100,100,50.8221063399856,50.8221063399856,0
471,-157,-280,-157.7,-172,89.826,100,100,80.6468010590441,80.6468010590441,0
472,-157,-280,-65,-278,50.028,100,100,50.4740163096173,50.4740163096173,0
475,-455.2,-267.5,-422,-248.8,7.448,97.02,100,31.8739098410228,31.8739098410228,0
476,-335.8,-277.3,-395.8,-277.5,12.009,100,100,49.7179118471565,49.7179118471565,0
477,-335.8,-277.3,-293.3,-225.8,16.278,100,100,46.4027881498527,46.4027881498527,0
485,-589,-266,-561,-226.8,0,100,100,47.0489384291437,47.0489384291437,0
486,-395.8,-277.5,-332,-221,49.733,100,100,65.02314863458,65.02314863458,0
487,-293.3,-225.8,-281.2,-183.4,33.333,100,100,17.5279039061588,17.5279039061588,0
488,-293.3,-225.8,-253.9,-191.9,43.197,100,100,39.6918682146917,39.6918682146917,0
489,-561,-226.8,-528.1,-250.1,0,100,100,33.8795331307063,33.8795331307063,0
490,-528.1,-250.1,-507,-232,5.882,100,100,16.8733175806448,16.8733175806448,0
492,-422,-248.8,-412.6,-207,0,100,100,28.1114746827487,28.1114746827487,0
494,-507,-232,-457.5,-210.5,0,100,100,55.6201865103031,55.6201865103031,0
495,-332,-221,-309.5,-191.4,38.576,100,100,28.0193822699267,28.0193822699267,0
497,-412.6,-207,-491.7,-152.3,70.202,100,100,72.7332298810269,72.7332298810269,0
498,-412.6,-207,-394,-177.5,0,100,100,35.2307714176324,35.2307714176324,0
499,-561,-226.8,-601,-152,64.889,100,100,76.1282131824516,76.1282131824516,0
501,-457.5,-210.5,-491.7,-152.3,45.53,100,100,66.1648162571254,66.1648162571254,0
503,-491.7,-152.3,-491,-184,1.29,100,100,38.5827540475251,38.5827540475251,0
504,-491.7,-152.3,-547,-129,68.822,100,100,48.2840318334678,48.2840318334678,0
505,-491.7,-152.3,-539.4,-80.7,25.247,100,100,64.5511331181785,64.5511331181785,0
506,-491.7,-152.3,-446.2,-126,22.015,100,100,36.4371915711928,36.4371915711928,0
507,-491.7,-152.3,-436.2,-161.3,0,100,100,31.8814542801726,31.8814542801726,0
508,-491.7,-152.3,-394,-177.5,49.694,100,100,78.9428179718692,78.9428179718692,0
510,-309.5,-191.4,-347,-188.5,63.708,100,100,10.9135520932312,10.9135520932312,0
511,-253.9,-191.9,-157.7,-172,40.722,100,100,94.002768390956,94.002768390956,0
512,-309.5,-191.4,-281.2,-183.4,0,100,100,5.45032854723935,5.45032854723935,0
515,-394,-177.5,-347,-188.5,0,100,100,22.868875375862,22.868875375862,0
516,-347,-188.5,-295.2,-100.9,77.434,100,100,24.0690407313431,24.0690407313431,0
517,-281.2,-183.4,-250,-135.3,73.474,100,100,20.0556292425837,20.0556292425837,0
522,-394,-177.5,-345.5,-156.5,48.463,100,100,38.438714012248,38.438714012248,0
534,-394,-177.5,-436.2,-161.3,92.734,100,100,20.0185499756997,20.0185499756997,0
535,-436.2,-161.3,-446.2,-126,54.422,100,100,10.6671316168299,10.6671316168299,0
538,-345.5,-156.5,-295.2,-100.9,92.308,100,100,6.33038067071426,6.33038067071426,0
541,-601,-152,-614,-111,40.23,100,100,43.048054629379,43.048054629379,0
545,-672,-133,-685,-103.2,22.727,100,100,32.5796948639598,32.5796948639598,0
546,-547,-129,-563,-120,0,100,100,19.8921711157315,19.8921711157315,0
547,-446.2,-126,-475.5,-46.7,67.772,100,100,57.6025227491196,57.6025227491196,0
548,-446.2,-126,-415,-115,40.312,100,100,18.4926215458713,18.4926215458713,0
551,-563,-120,-581.3,-98.1,0,100,100,19.7686003776013,19.7686003776013,0
561,-614,-111,-623.4,-80.3,30.769,100,100,19.2854834601351,19.2854834601351,0
565,-685,-103.2,-705,-55,40.949,100,100,58.8902317349434,58.8902317349434,0
566,-581.3,-98.1,-623.4,-80.3,0,100,100,20.9152294218411,20.9152294218411,0
568,-581.3,-98.1,-539.4,-80.7,74.846,100,100,23.3716410056135,23.3716410056135,0
569,-623.4,-80.3,-642.8,-53.8,0,100,100,6.45154563142834,6.45154563142834,0
578,-539.4,-80.7,-570.4,1.3,73.439,100,100,58.5988323911327,58.5988323911327,0
580,-539.4,-80.7,-500,-65,38.596,100,100,28.4577386248364,28.4577386248364,0
583,-500,-65,-475.5,-46.7,31.063,100,100,20.8430347885548,20.8430347885548,0
587,-642.8,-53.8,-666.3,-37.3,0,100,100,18.3978721962105,18.3978721962105,0
595,-666.3,-37.3,-656.2,-15.1,0,100,100,24.6700348791807,24.6700348791807,0
597,-644,-35,-656.2,-15.1,0,100,100,16.5269871545718,16.5269871545718,0
598,-644,-35,-620,-27,0,100,100,12.4847100802505,12.4847100802505,0
601,-620,-27,-595,-18,3.704,100,100,26.5709482617087,26.5709482617087,0
607,-595,-18,-570.4,1.3,14.551,100,100,22.5341152922343,22.5341152922343,0
617,-570.4,1.3,-519,10,6.795,100,100,28.2396084957414,28.2396084957414,0
